{"cameraMode":{"drawMode":0,"name":"Shaded","section":"Shading Mode"},"sceneLighting":true,"audioPlay":false,"sceneViewState":{"showFog":true,"showMaterialUpdate":false,"showSkybox":true,"showFlares":true,"showImageEffects":true,"showParticleSystems":true},"in2DMode":false,"pivot":{"x":473.3783874511719,"y":441.04425048828127,"z":27.595428466796876},"rotation":{"x":-0.3113231062889099,"y":0.2830641567707062,"z":-0.09780991822481156,"w":-0.9019231796264648},"size":699.4791870117188,"orthographic":false}