{"cameraMode":{"drawMode":0,"name":"Shaded","section":"Shading Mode"},"sceneLighting":false,"audioPlay":false,"sceneViewState":{"showFog":true,"showMaterialUpdate":false,"showSkybox":false,"showFlares":true,"showImageEffects":true,"showParticleSystems":true},"in2DMode":false,"pivot":{"x":-0.5765643119812012,"y":-0.36795783042907717,"z":-0.8187782764434815},"rotation":{"x":0.030452178791165353,"y":-0.9497930407524109,"z":0.2956882119178772,"w":0.09779240190982819},"size":7.379779815673828,"orthographic":false}