{"cameraMode":{"drawMode":0,"name":"Shaded","section":"Shading Mode"},"sceneLighting":false,"audioPlay":false,"sceneViewState":{"showFog":true,"showMaterialUpdate":false,"showSkybox":false,"showFlares":true,"showImageEffects":true,"showParticleSystems":true},"in2DMode":false,"pivot":{"x":-3.2617149353027345,"y":-2.0143818855285646,"z":1.308732509613037},"rotation":{"x":-0.11384264379739762,"y":0.8546571731567383,"z":-0.21132692694664002,"w":-0.46043524146080019},"size":15.872636795043946,"orthographic":false}