{"cameraMode":{"drawMode":0,"name":"Shaded","section":"Shading Mode"},"sceneLighting":true,"audioPlay":false,"sceneViewState":{"showFog":true,"showMaterialUpdate":false,"showSkybox":true,"showFlares":true,"showImageEffects":true,"showParticleSystems":true},"in2DMode":false,"pivot":{"x":-47.74809646606445,"y":-4.655370712280273,"z":-44.33127975463867},"rotation":{"x":0.43854856491088869,"y":0.25987276434898379,"z":-0.13409258425235749,"w":0.8498226404190064},"size":25.09206771850586,"orthographic":false}