{"cameraMode":{"drawMode":0,"name":"Shaded","section":"Shading Mode"},"sceneLighting":false,"audioPlay":false,"sceneViewState":{"showFog":true,"showMaterialUpdate":false,"showSkybox":false,"showFlares":true,"showImageEffects":true,"showParticleSystems":true},"in2DMode":false,"pivot":{"x":-0.6929024457931519,"y":0.6012586355209351,"z":-0.9319370985031128},"rotation":{"x":0.0061726197600364689,"y":-0.9625663161277771,"z":0.021956123411655427,"w":0.27013495564460757},"size":2.5578839778900148,"orthographic":false}