{"cameraMode":{"drawMode":0,"name":"Shaded","section":"Shading Mode"},"sceneLighting":true,"audioPlay":false,"sceneViewState":{"showFog":true,"showMaterialUpdate":false,"showSkybox":true,"showFlares":true,"showImageEffects":true,"showParticleSystems":true},"in2DMode":false,"pivot":{"x":-0.5351715087890625,"y":-2.9638566970825197,"z":-10.678576469421387},"rotation":{"x":0.3068390488624573,"y":-0.6711464524269104,"z":0.3612699806690216,"w":0.5700201988220215},"size":11.824505805969239,"orthographic":false}