{"cameraMode":{"drawMode":0,"name":"Shaded","section":"Shading Mode"},"sceneLighting":false,"audioPlay":false,"sceneViewState":{"showFog":true,"showMaterialUpdate":false,"showSkybox":false,"showFlares":true,"showImageEffects":true,"showParticleSystems":true},"in2DMode":false,"pivot":{"x":-3.877326488494873,"y":-2.654229164123535,"z":-1.6580986976623536},"rotation":{"x":-0.10073843598365784,"y":0.8934815526008606,"z":-0.25103744864463808,"w":-0.3585837185382843},"size":13.521493911743164,"orthographic":false}