{"cameraMode":{"drawMode":0,"name":"Shaded","section":"Shading Mode"},"sceneLighting":true,"audioPlay":false,"sceneViewState":{"showFog":true,"showMaterialUpdate":false,"showSkybox":true,"showFlares":true,"showImageEffects":true,"showParticleSystems":true},"in2DMode":false,"pivot":{"x":-12.018619537353516,"y":-0.9958510994911194,"z":0.8889956474304199},"rotation":{"x":0.022773239761590959,"y":-0.9769507646560669,"z":0.13748198747634889,"w":0.16177359223365785},"size":10.46746826171875,"orthographic":false}