{"cameraMode":{"drawMode":0,"name":"Shaded","section":"Shading Mode"},"sceneLighting":false,"audioPlay":false,"sceneViewState":{"showFog":true,"showMaterialUpdate":false,"showSkybox":false,"showFlares":true,"showImageEffects":true,"showParticleSystems":true},"in2DMode":false,"pivot":{"x":1.214909553527832,"y":2.0350000858306886,"z":-9.856647491455079},"rotation":{"x":0.006349719595164061,"y":0.8927841186523438,"z":0.012589922174811364,"w":-0.4503057897090912},"size":1.8447562456130982,"orthographic":false}